wallet_hash,page_rank
0x620b70123fb810f6c653da7644b5dd0b6312e4d8,0.005052097153022169
0xc310e760778ecbca4c65b6c559874757a4c4ece0,0.003748889011347396
0xd387a6e4e84a6c86bd90c158c6028a58cc8ac459,0.0024967142999834054
0xb7f7f6c52f2e2fdb1963eab30438024864c313f6,0.0014624702107330822
0xe052113bd7d7700d623414a0a4585bcae754e9d5,0.0008880133486554605
0x2d1194e75b408c9395a8bbbedc0079322b62c0a4,0.0007748459922273194
0x1919db36ca2fa2e15f9000fd9cdc2edcf863e685,0.0007363681008925704
0x83c8f28c26bf6aaca652df1dbbe0e1b56f8baba2,0.0006850872023122307
0x020ca66c30bec2c4fe3861a94e4db4a498a35872,0.0005572739919769262
0x113d754ff2e6ca9fd6ab51932493e4f9dabdf596,0.0005066933778368424
0x38a4d889a1979133fbc1d58f970f0953e3715c26,0.00047320508590129604
0x265cdd11b3abb0432a35300f6afb214777280817,0.000458818482093467
0x54b174179ae825ed630da40b625bb3c883cd40ae,0.0004513162800497537
0x721931508df2764fd4f70c53da646cb8aed16ace,0.0004317539374251853
0x88341d1a8f672d2780c8dc725902aae72f143b0c,0.00042611153054159266
0xea39c551834d07ee2ee87f1ceff843c308e089af,0.00042337635650634045
0xeb11f192e91e2d4abff199b58222c89472584bf4,0.0004160281070828532
0x49c3feafddaefc3bed06f4ff87ce86610c2c1076,0.00041221790825922
0xdcf809bba1d9ee75c6991f1e2974163cf2555418,0.0004092920416059324
0xfc840af78a496b52e378dfa94838402e1b7f71dd,0.00040659852661994767
0x1434a8eaa6d3725d44984d674e4f2dd9cc472bf4,0.0003746396712437884
0x53fed1eb683745352886a363cc0b6e3415824ec8,0.00037124402209508283
0xbec69dfce4c1fa8b7843fee1ca85788d84a86b06,0.00036407281179230905
0x6f4a2d3a4f47f9c647d86c929755593911ee91ec,0.0003632916010805551
0x3c6137504c38215fea30605b3e364a23c1d3e14f,0.00035743093087670124
0xe72eb31b59f85b19499a0f3b3260011894fa0d65,0.00035482428808773824
0x6903f3a1540946c34e3a577ad6ffcbe43356dcbe,0.0003509841384337149
0x53ede7cae3eb6a7d11429fe589c0278c9acbe21a,0.0003506244593365351
0xbd74c3f96c38478460a0e3c88ac86dd133af72be,0.0003483565357836961
0xe18a94a1e60903b1ec39d9104bed27d9a73ad9e2,0.0003474323107524774
0xb3ee5011a7965905cde351ea4905ff4725189a3b,0.0003471435387160922
0x46e449a3f88d0e35b4520bc36e8dfda195c896b0,0.0003430378738031246
0x65ab793bd82cf8d9f035d4742b95e2c16a6b8849,0.0003388688329373269
0x268d3a8c4701000546dd0bf959bf6c8956cc3e5e,0.00033042420204781024
0x904778b44bd12a1f7c3f1b95ff3381a952296cd1,0.00032487061411665157
0xb697b9455eeee9574ec5c5350cb10c8a5b752a39,0.0003197294640591552
0x0e9aed5c7721c642a032812c2c4816f7d6cb87d7,0.0003044071108785333
0xb32b4350c25141e779d392c1dbe857b62b60b4c9,0.000303601285352425
0x616ed054e0e0fdbfcad3fa2f42daed3d7d4ee448,0.0002923406380602094
0x577ebc5de943e35cdf9ecb5bbe1f7d7cb6c7c647,0.0002857244574278613
0x72fae93d08a060a7f0a8919708c0db74ca46cbb6,0.0002828404982378982
0x50664ede715e131f584d3e7eaabd7818bb20a068,0.00027847272740858913
0x62bdc64a14405e797f86796ea3c2476209ee0bf9,0.00027835385848362285
0x81be7f475e335693fda594abc8b42bb0d873f9a0,0.0002746355413027957
0x442dccee68425828c106a3662014b4f131e3bd9b,0.00027395224902159376
0x1731bdd386e021a7744282454887a87551725819,0.00027051174749501616
0x6b3bacba7a6da1d6660079f5fd49fdc167ec5783,0.00027028064087724767
0x9048d24577d4c4bbf14f1020f20640b334f8c762,0.00026710343968825085
0x7d544a853dbcd39a53315e7002f4951a6d2f080d,0.0002656024492741999
0x4fed1f42ba007d1f7a6f0df4ae100170adb305c6,0.0002647836505956765
